id,name,address,lat,lng,isRegistered,crowdLevel,crowdSource,confidence,occupancyPercent,totalSeats,emptySeats,tags,hasSmokingRoom,restroomScore,quietScore,outletLevel,reportCount24h,kakaoPlaceId,updatedAt,structureNote,seatsSolo,seatsPair,seatsGroup,stampReward,stampGoal,ownerPin,weekdayHours,weekendHours,holiday,hasWifi,noTimeLimit,hasParking,viewCount,directionCount,dailyStampLimit,stampRadius,couponValidDays,photos
1,스타벅스 인하로점,인천 미추홀구 인하로 59,37.45185,126.654982,true,0,owner,high,30,56,39,study|outlet|wide-table,false,4,4,many,0,,2026-08-14T17:41:55.598625+09:00,"1층 창가석, 2층 조용한 작업 공간. 2층은 계단 이용",14,25,6,아메리카노 1잔 무료,20,1234,08:00-22:00,10:00-22:00,매주 월요일,true,true,false,89,14,3,100,30,
2,투썸플레이스인천인하대,인천 미추홀구 인하로 75,37.451368,126.656713,true,2,owner,high,90,48,5,study|outlet|wide-table,false,4,4,many,0,,2026-08-10T15:17:58.211539+09:00,"단층 구조, 테이블 간격이 넓어 대화하기 좋아요",12,22,5,"2,000원 할인 쿠폰",20,1234,09:00-23:00,10:00-23:00,연중무휴,true,false,true,54,8,3,100,30,
3,이디야,인천 미추홀구 인하로 55,37.451957,126.654529,true,3,owner,high,100,28,0,talk|outlet,false,3,2,normal,0,,2026-08-12T12:55:39.967455+09:00,"1·2층 좌석 분리, 계단 있음. 2층은 노트북석",7,13,3,아메리카노 1잔 무료,10,1234,07:00-24:00,09:00-24:00,연중무휴,true,true,false,132,25,3,100,30,
4,메가엠지씨커피,인천 미추홀구 경인남길30번길 50,37.45164,126.657074,false,2,report,high,90,,,talk|outlet,false,3,2,normal,0,,2026-08-08T23:47:14.968043+09:00,,,,,,,,,,,,,,0,0,,,,
5,컴포즈커피인하대문화,인천 미추홀구 인하로 73,37.451458,126.656476,false,1,report,low,70,,,talk|outlet,false,3,2,normal,0,,2026-08-08T23:47:14.968043+09:00,,,,,,,,,,,,,,0,0,,,,
6,공차인천,인천 미추홀구 인하로 63,37.451716,126.655356,false,3,report,high,100,,,talk|outlet,false,3,2,normal,0,,2026-08-08T23:47:14.968043+09:00,,,,,,,,,,,,,,0,0,,,,
7,빽다방,인천 미추홀구 인하로77번길 29,37.452551,126.657454,false,0,report,low,30,,,talk|outlet,false,3,2,normal,0,,2026-08-08T23:47:14.968043+09:00,,,,,,,,,,,,,,0,0,,,,
8,크리미앤소프트퀸비,인천 미추홀구 인하로 61,37.45176,126.655163,false,1,predicted,low,70,,,talk|wide-table,false,,,,0,,2026-08-08T23:47:14.968043+09:00,,,,,,,,,,,,,,0,0,,,,
9,카페지코,인천 미추홀구 인하로 57,37.451894,126.654824,false,0,predicted,low,30,,,talk|wide-table,false,,,,0,,2026-08-08T23:47:14.968043+09:00,,,,,,,,,,,,,,0,0,,,,
10,뭉크,인천 미추홀구 인하로 63-1,37.451689,126.655469,false,1,predicted,low,70,,,talk|wide-table,false,,,,0,,2026-08-08T23:47:14.968043+09:00,,,,,,,,,,,,,,0,0,,,,
11,카페삼층,인천 미추홀구 인하로 53,37.452028,126.654405,false,1,predicted,low,70,,,talk|wide-table,false,,,,0,,2026-08-08T23:47:14.968043+09:00,,,,,,,,,,,,,,0,0,,,,
12,관동,인천 미추홀구 인하로67번길 5-7,37.451753,126.655694,false,2,predicted,low,90,,,talk|wide-table,false,,,,0,,2026-08-08T23:47:14.968043+09:00,,,,,,,,,,,,,,0,0,,,,
13,고망고,인천 미추홀구 인하로 69-1,37.451556,126.656091,false,2,predicted,low,90,,,quiet|study,false,,,,0,,2026-08-08T23:47:14.968043+09:00,,,,,,,,,,,,,,0,0,,,,
14,블루포트,인천 미추홀구 인하로 100,37.451452,126.651548,false,2,predicted,low,90,,,quiet|study,false,,,,0,,2026-08-08T23:47:14.968043+09:00,,,,,,,,,,,,,,0,0,,,,
15,그라찌에커피인하대점,인천 미추홀구 인하로 100,37.451452,126.651548,false,1,predicted,low,70,,,study|outlet,false,,,,0,,2026-08-08T23:47:14.968043+09:00,,,,,,,,,,,,,,0,0,,,,
16,빈스,인천 미추홀구 인하로 75-1,37.451351,126.656826,false,0,predicted,low,30,,,talk|wide-table,false,,,,0,,2026-08-08T23:47:14.968043+09:00,,,,,,,,,,,,,,0,0,,,,
17,오이아OIA,인천 미추홀구 인하로 75-1,37.451351,126.656826,false,1,predicted,low,70,,,quiet,false,,,,0,,2026-08-08T23:47:14.968043+09:00,,,,,,,,,,,,,,0,0,,,,
18,달콤하루,인천 미추홀구 인하로 75-1,37.451351,126.656826,false,0,predicted,low,30,,,quiet|study,false,,,,0,,2026-08-08T23:47:14.968043+09:00,,,,,,,,,,,,,,0,0,,,,
19,콘레드커피,인천 미추홀구 인하로 77,37.451306,126.65694,false,3,predicted,low,100,,,quiet,false,,,,0,,2026-08-08T23:47:14.968043+09:00,,,,,,,,,,,,,,0,0,,,,
20,모모플레이스,인천 미추홀구 인하로67번길 6-31,37.451531,126.656916,false,2,predicted,low,90,,,study|outlet,false,,,,0,,2026-08-08T23:47:14.968043+09:00,,,,,,,,,,,,,,0,0,,,,
21,더즈오브커피,인천 미추홀구 소성로 16,37.447488,126.651544,false,2,predicted,low,90,,,quiet|study,false,,,,0,,2026-08-08T23:47:14.968043+09:00,,,,,,,,,,,,,,0,0,,,,
22,노노레타,인천 미추홀구 경인남길30번길 42,37.451747,126.656723,false,2,predicted,low,90,,,quiet|study,false,,,,0,,2026-08-08T23:47:14.968043+09:00,,,,,,,,,,,,,,0,0,,,,
23,어벤더치,인천 미추홀구 인하로77번길 7,37.451495,126.657029,false,0,predicted,low,30,,,study|outlet,false,,,,0,,2026-08-08T23:47:14.968043+09:00,,,,,,,,,,,,,,0,0,,,,
24,어썸,인천 미추홀구 인하로77번길 7,37.451495,126.657029,false,1,predicted,low,70,,,study|outlet,false,,,,0,,2026-08-08T23:47:14.968043+09:00,,,,,,,,,,,,,,0,0,,,,
25,매머드익스프레스,인천 미추홀구 인하로77번길 6,37.451334,126.657199,false,0,predicted,low,30,,,talk|outlet,false,,,,0,,2026-08-08T23:47:14.968043+09:00,,,,,,,,,,,,,,0,0,,,,
26,롬버스커피,인천 미추홀구 인하로47번길 29,37.452554,126.655476,false,3,predicted,low,100,,,talk|wide-table,false,,,,0,,2026-08-08T23:47:14.968043+09:00,,,,,,,,,,,,,,0,0,,,,
27,고양이자리,인천 미추홀구 경인남길30번길 50,37.45164,126.657074,false,2,predicted,low,90,,,quiet|study,false,,,,0,,2026-08-08T23:47:14.968043+09:00,,,,,,,,,,,,,,0,0,,,,
28,설빙,인천 미추홀구 인하로77번길 12,37.451568,126.657311,false,0,predicted,low,30,,,talk|outlet,false,,,,0,,2026-08-08T23:47:14.968043+09:00,,,,,,,,,,,,,,0,0,,,,
29,페이브커피,인천 미추홀구 인하로77번길 6-11,37.451398,126.65747,false,1,predicted,low,70,,,study|outlet,false,,,,0,,2026-08-08T23:47:14.968043+09:00,,,,,,,,,,,,,,0,0,,,,
30,카페손씨,인천 미추홀구 경인남길30번길 43,37.452036,126.656846,false,0,predicted,low,30,,,talk|wide-table,false,,,,0,,2026-08-08T23:47:14.968043+09:00,,,,,,,,,,,,,,0,0,,,,
31,트리플에이커피인하,인천 미추홀구 경인남길30번길 49,37.451811,126.657141,false,0,predicted,low,30,,,talk|outlet,false,,,,0,,2026-08-08T23:47:14.968043+09:00,,,,,,,,,,,,,,0,0,,,,
32,카페호,인천 미추홀구 인하로67번길 24-8,37.452386,126.656437,false,0,predicted,low,30,,,talk|wide-table,false,,,,0,,2026-08-08T23:47:14.968043+09:00,,,,,,,,,,,,,,0,0,,,,
33,아마스빈버블티,인천 미추홀구 인하로 87,37.451029,126.65789,false,2,predicted,low,90,,,talk|outlet,false,,,,0,,2026-08-08T23:47:14.968043+09:00,,,,,,,,,,,,,,0,0,,,,
34,엑스엑스,인천 미추홀구 경인남길30번길 53,37.451749,126.657378,false,2,predicted,low,90,,,study|outlet,false,,,,0,,2026-08-08T23:47:14.968043+09:00,,,,,,,,,,,,,,0,0,,,,
35,훗카페,인천 미추홀구 인하로77번길 6-25,37.4513,126.657878,false,1,predicted,low,70,,,quiet,false,,,,0,,2026-08-08T23:47:14.968043+09:00,,,,,,,,,,,,,,0,0,,,,
36,리얼카페호다의방,인천 미추홀구 인하로77번길 6-38,37.451102,126.658071,false,0,predicted,low,30,,,quiet,false,,,,0,,2026-08-08T23:47:14.968043+09:00,,,,,,,,,,,,,,0,0,,,,
37,공차홈플러스인하점,인천 미추홀구 소성로 6,37.44709,126.650913,false,1,predicted,low,70,,,talk|outlet,false,,,,0,,2026-08-08T23:47:14.968043+09:00,,,,,,,,,,,,,,0,0,,,,
38,알케미스타,인천 미추홀구 인하로47번길 47,37.452755,126.656345,false,0,predicted,low,30,,,quiet|study,false,,,,0,,2026-08-08T23:47:14.968043+09:00,,,,,,,,,,,,,,0,0,,,,
39,이디아,인천 미추홀구 소성로 6,37.44709,126.650913,false,0,predicted,low,30,,,talk|wide-table,false,,,,0,,2026-08-08T23:47:14.968043+09:00,,,,,,,,,,,,,,0,0,,,,
40,더벤티,인천 미추홀구 인하로77번길 25,37.452298,126.657376,false,3,predicted,low,100,,,talk|outlet,false,,,,0,,2026-08-08T23:47:14.968043+09:00,,,,,,,,,,,,,,0,0,,,,
41,닉스냅,인천 미추홀구 인하로77번길 34-1,37.452543,126.657714,false,1,predicted,low,70,,,quiet,false,,,,0,,2026-08-08T23:47:14.968043+09:00,,,,,,,,,,,,,,0,0,,,,
42,그린빈,인천 미추홀구 독배로 311,37.448148,126.649122,false,1,predicted,low,70,,,quiet,false,,,,0,,2026-08-08T23:47:14.968043+09:00,,,,,,,,,,,,,,0,0,,,,
43,트리플에이커피,인천 미추홀구 독배로 311,37.448148,126.649122,false,1,predicted,low,70,,,talk|outlet,false,,,,0,,2026-08-08T23:47:14.968043+09:00,,,,,,,,,,,,,,0,0,,,,
44,스타벅스 독배로점,인천 미추홀구 독배로 309,37.447797,126.64926,false,0,predicted,low,30,,,study|outlet|wide-table,false,,,,0,,2026-08-08T23:47:14.968043+09:00,,,,,,,,,,,,,,0,0,,,,
45,백억커피인하대학교점,인천 미추홀구 인하로77번길 37,37.452858,126.657611,false,0,predicted,low,30,,,talk|outlet,false,,,,0,,2026-08-08T23:47:14.968043+09:00,,,,,,,,,,,,,,0,0,,,,
46,유캔두잇,인천 미추홀구 인하로 99,37.450628,126.659339,false,2,predicted,low,90,,,study|outlet,false,,,,0,,2026-08-08T23:47:14.968043+09:00,,,,,,,,,,,,,,0,0,,,,
47,베스트카페,인천 미추홀구 인하로47번길 71,37.453074,126.657564,false,,none,low,,,,talk|wide-table,false,,,,0,,2026-08-08T23:47:14.968043+09:00,,,,,,,,,,,,,,0,0,,,,
48,카페뜰안,인천 미추홀구 경인남길30번길 94-9,37.450881,126.659473,false,,none,low,,,,study|outlet,false,,,,0,,2026-08-08T23:47:14.968043+09:00,,,,,,,,,,,,,,0,0,,,,
49,더아담서울대입구역,서울특별시 관악구 남부순환로 1822,37.481149,126.952650,false,,,,,,,,false,,,,0,,2026-08-13T00:00:00+09:00,,,,,,,,,,,,,,0,0,,,,
50,하우 서울대입구역점,서울특별시 관악구 남부순환로 1822,37.481149,126.952650,false,,,,,,,,false,,,,0,,2026-08-13T00:00:00+09:00,,,,,,,,,,,,,,0,0,,,,
51,스타벅스 서울대입구역8번출구,서울특별시 관악구 남부순환로 1831,37.481186,126.953679,false,,,,,,,,false,,,,0,,2026-08-13T00:00:00+09:00,,,,,,,,,,,,,,0,0,,,,
52,하루스터디라운지,서울특별시 관악구 남부순환로 1831,37.481186,126.953679,false,,,,,,,,false,,,,0,,2026-08-13T00:00:00+09:00,,,,,,,,,,,,,,0,0,,,,
53,할리스커피,서울특별시 관악구 관악로 172,37.480519,126.952944,false,,,,,,,,false,,,,0,,2026-08-13T00:00:00+09:00,,,,,,,,,,,,,,0,0,,,,
54,매머드익스프레스연세대학교치과대학 병원점,서울특별시 서대문구 연세로 50-1,37.563676,126.941936,false,,,,,,,,false,,,,0,,2026-08-13T00:00:00+09:00,,,,,,,,,,,,,,0,0,,,,
55,시즌드랍스연세암 병원점,서울특별시 서대문구 연세로 50-1,37.563676,126.941936,false,,,,,,,,false,,,,0,,2026-08-13T00:00:00+09:00,,,,,,,,,,,,,,0,0,,,,
56,이다하우스,서울특별시 서대문구 연세로 50-1,37.563676,126.941936,false,,,,,,,,false,,,,0,,2026-08-13T00:00:00+09:00,,,,,,,,,,,,,,0,0,,,,
57,파스쿠찌연세심혈관 병원점,서울특별시 서대문구 연세로 50-1,37.563676,126.941936,false,,,,,,,,false,,,,0,,2026-08-13T00:00:00+09:00,,,,,,,,,,,,,,0,0,,,,
58,그라운드블렌드,서울특별시 서대문구 연세로 50-1,37.563676,126.941936,false,,,,,,,,false,,,,0,,2026-08-13T00:00:00+09:00,,,,,,,,,,,,,,0,0,,,,
59,카페베네고려대중앙 광장점,서울특별시 성북구 안암로 145,37.588698,127.031691,false,,,,,,,,false,,,,0,,2026-08-13T00:00:00+09:00,,,,,,,,,,,,,,0,0,,,,
60,투썸플레이스고대sk미래관점,서울특별시 성북구 안암로 145,37.588698,127.031691,false,,,,,,,,false,,,,0,,2026-08-13T00:00:00+09:00,,,,,,,,,,,,,,0,0,,,,
61,공차고대안암 병원점,서울특별시 성북구 안암로 145,37.588698,127.031691,false,,,,,,,,false,,,,0,,2026-08-13T00:00:00+09:00,,,,,,,,,,,,,,0,0,,,,
62,고려대현대차경영관점블루포트,서울특별시 성북구 안암로 145,37.588698,127.031691,false,,,,,,,,false,,,,0,,2026-08-13T00:00:00+09:00,,,,,,,,,,,,,,0,0,,,,
63,고려대학교교육관cafepurpur,서울특별시 성북구 안암로 145,37.588698,127.031691,false,,,,,,,,false,,,,0,,2026-08-13T00:00:00+09:00,,,,,,,,,,,,,,0,0,,,,
64,스튜디오웝,서울특별시 서대문구 성산로 539,37.564489,126.945059,false,,,,,,,,false,,,,0,,2026-08-13T00:00:00+09:00,,,,,,,,,,,,,,0,0,,,,
65,꿈공스터디카페연대 동문점,서울특별시 서대문구 성산로 541,37.564606,126.945059,false,,,,,,,,false,,,,0,,2026-08-13T00:00:00+09:00,,,,,,,,,,,,,,0,0,,,,
66,옥루몽신촌 본점,서울특별시 서대문구 연대동문길 18,37.563362,126.943577,false,,,,,,,,false,,,,0,,2026-08-13T00:00:00+09:00,,,,,,,,,,,,,,0,0,,,,
67,커피빈연대동문회관 코리아,서울특별시 서대문구 성산로 515,37.563028,126.943328,false,,,,,,,,false,,,,0,,2026-08-13T00:00:00+09:00,,,,,,,,,,,,,,0,0,,,,
68,카페슬래시,서울특별시 서대문구 성산로 519,37.563272,126.943430,false,,,,,,,,false,,,,0,,2026-08-13T00:00:00+09:00,,,,,,,,,,,,,,0,0,,,,
69,플랏쓰리,서울특별시 성동구 왕십리로 215-2,37.556799,127.042871,false,,,,,,,,false,,,,0,,2026-08-13T00:00:00+09:00,,,,,,,,,,,,,,0,0,,,,
70,메가엠지씨커피한양대역점,서울특별시 성동구 왕십리로 206,37.555574,127.043583,false,,,,,,,,false,,,,0,,2026-08-13T00:00:00+09:00,,,,,,,,,,,,,,0,0,,,,
71,할리스커피한양대 병원점,서울특별시 성동구 왕십리로 222-1,37.558636,127.045633,false,,,,,,,,false,,,,0,,2026-08-13T00:00:00+09:00,,,,,,,,,,,,,,0,0,,,,
72,스타벅스 한양대,서울특별시 성동구 왕십리로 225,37.557169,127.042124,false,,,,,,,,false,,,,0,,2026-08-13T00:00:00+09:00,,,,,,,,,,,,,,0,0,,,,
73,엔젤레이디카페 한양대점,서울특별시 성동구 왕십리로 225,37.557169,127.042124,false,,,,,,,,false,,,,0,,2026-08-13T00:00:00+09:00,,,,,,,,,,,,,,0,0,,,,
74,성균관대학구내학생휴게실,서울특별시 종로구 성균관로 25-2,37.587224,126.993116,false,,,,,,,,false,,,,0,,2026-08-13T00:00:00+09:00,,,,,,,,,,,,,,0,0,,,,
75,레브,서울특별시 종로구 성균관로 25-2,37.587224,126.993116,false,,,,,,,,false,,,,0,,2026-08-13T00:00:00+09:00,,,,,,,,,,,,,,0,0,,,,
76,카페16온스 성균관대점,서울특별시 종로구 명륜3길 11-6,37.588873,126.994033,false,,,,,,,,false,,,,0,,2026-08-13T00:00:00+09:00,,,,,,,,,,,,,,0,0,,,,
77,자몽밀크티,서울특별시 종로구 명륜길 45-5,37.589036,126.994441,false,,,,,,,,false,,,,0,,2026-08-13T00:00:00+09:00,,,,,,,,,,,,,,0,0,,,,
78,테이큰커피,서울특별시 종로구 명륜2길 4,37.588774,126.995267,false,,,,,,,,false,,,,0,,2026-08-13T00:00:00+09:00,,,,,,,,,,,,,,0,0,,,,
79,플로릭카페,서울특별시 동대문구 천장산로7길 64,37.598249,127.054343,false,,,,,,,,false,,,,0,,2026-08-13T00:00:00+09:00,,,,,,,,,,,,,,0,0,,,,
80,백마독서실,서울특별시 동대문구 경희대로6길 7-29,37.593835,127.053536,false,,,,,,,,false,,,,0,,2026-08-13T00:00:00+09:00,,,,,,,,,,,,,,0,0,,,,
81,코코버블티경희대 입구점,서울특별시 동대문구 경희대로6길 3-10,37.593718,127.053049,false,,,,,,,,false,,,,0,,2026-08-13T00:00:00+09:00,,,,,,,,,,,,,,0,0,,,,
82,제제커피,서울특별시 동대문구 이문로9길 105-8,37.596618,127.056255,false,,,,,,,,false,,,,0,,2026-08-13T00:00:00+09:00,,,,,,,,,,,,,,0,0,,,,
83,달콤커피경희의료원점,서울특별시 동대문구 경희대로 23,37.593773,127.050739,false,,,,,,,,false,,,,0,,2026-08-13T00:00:00+09:00,,,,,,,,,,,,,,0,0,,,,
84,미들도어,서울특별시 동작구 흑석로6길 12,37.506055,126.956943,false,,,,,,,,false,,,,0,,2026-08-13T00:00:00+09:00,,,,,,,,,,,,,,0,0,,,,
85,제3공간,서울특별시 동작구 흑석로6길 16,37.505947,126.956762,false,,,,,,,,false,,,,0,,2026-08-13T00:00:00+09:00,,,,,,,,,,,,,,0,0,,,,
86,시은월드,서울특별시 동작구 흑석로6길 18,37.505893,126.956672,false,,,,,,,,false,,,,0,,2026-08-13T00:00:00+09:00,,,,,,,,,,,,,,0,0,,,,
87,스타벅스 중앙대,서울특별시 동작구 흑석로 75-1,37.506974,126.958130,false,,,,,,,,false,,,,0,,2026-08-13T00:00:00+09:00,,,,,,,,,,,,,,0,0,,,,
88,에이치스터디카페,서울특별시 동작구 흑석로 77,37.506983,126.958243,false,,,,,,,,false,,,,0,,2026-08-13T00:00:00+09:00,,,,,,,,,,,,,,0,0,,,,
89,소울버튼스테이지,서울특별시 마포구 와우산로18길 21,37.551160,126.923873,false,,,,,,,,false,,,,0,,2026-08-13T00:00:00+09:00,,,,,,,,,,,,,,0,0,,,,
90,소울버튼블루,서울특별시 마포구 와우산로18길 21,37.551160,126.923873,false,,,,,,,,false,,,,0,,2026-08-13T00:00:00+09:00,,,,,,,,,,,,,,0,0,,,,
91,매머드익스프레스홍대 정문점,서울특별시 마포구 와우산로18길 38,37.551926,126.923996,false,,,,,,,,false,,,,0,,2026-08-13T00:00:00+09:00,,,,,,,,,,,,,,0,0,,,,
92,카페캠퍼,서울특별시 마포구 와우산로 94,37.552521,126.924980,false,,,,,,,,false,,,,0,,2026-08-13T00:00:00+09:00,,,,,,,,,,,,,,0,0,,,,
93,과일에반하다프루타 홍대점,서울특별시 마포구 와우산로 94,37.552521,126.924980,false,,,,,,,,false,,,,0,,2026-08-13T00:00:00+09:00,,,,,,,,,,,,,,0,0,,,,
94,투썸플레이스,서울특별시 마포구 백범로 35,37.551477,126.943020,false,,,,,,,,false,,,,0,,2026-08-13T00:00:00+09:00,,,,,,,,,,,,,,0,0,,,,
95,카페리시오,서울특별시 마포구 백범로 35,37.551477,126.943020,false,,,,,,,,false,,,,0,,2026-08-13T00:00:00+09:00,,,,,,,,,,,,,,0,0,,,,
96,공차서강대점,서울특별시 마포구 백범로 35,37.551477,126.943020,false,,,,,,,,false,,,,0,,2026-08-13T00:00:00+09:00,,,,,,,,,,,,,,0,0,,,,
97,매머드익스프레스서강대점,서울특별시 마포구 백범로 35,37.551477,126.943020,false,,,,,,,,false,,,,0,,2026-08-13T00:00:00+09:00,,,,,,,,,,,,,,0,0,,,,
98,스타벅스 서강대프라자,서울특별시 마포구 백범로 35,37.551504,126.943054,false,,,,,,,,false,,,,0,,2026-08-13T00:00:00+09:00,,,,,,,,,,,,,,0,0,,,,
99,무무그릭요거트,서울특별시 광진구 자양로19길 74,37.538418,127.079509,false,,,,,,,,false,,,,0,,2026-08-13T00:00:00+09:00,,,,,,,,,,,,,,0,0,,,,
100,어반딜리버리 광진점,서울특별시 광진구 자양로19길 74,37.538418,127.079509,false,,,,,,,,false,,,,0,,2026-08-13T00:00:00+09:00,,,,,,,,,,,,,,0,0,,,,
101,704호,서울특별시 광진구 아차산로41길 44,37.538636,127.077416,false,,,,,,,,false,,,,0,,2026-08-13T00:00:00+09:00,,,,,,,,,,,,,,0,0,,,,
102,아니마아니무스,서울특별시 광진구 아차산로39길 8,37.538645,127.077246,false,,,,,,,,false,,,,0,,2026-08-13T00:00:00+09:00,,,,,,,,,,,,,,0,0,,,,
103,라이크,서울특별시 광진구 자양로19길 34,37.538615,127.081489,false,,,,,,,,false,,,,0,,2026-08-13T00:00:00+09:00,,,,,,,,,,,,,,0,0,,,,
104,디초콜릿커피앤드 동국대점,서울특별시 중구 필동로1길 30,37.558933,126.998732,false,,,,,,,,false,,,,0,,2026-08-13T00:00:00+09:00,,,,,,,,,,,,,,0,0,,,,
105,블루포트동국대학교점,서울특별시 중구 필동로1길 30,37.558933,126.998732,false,,,,,,,,false,,,,0,,2026-08-13T00:00:00+09:00,,,,,,,,,,,,,,0,0,,,,
106,블루포트동국대학교점본관점,서울특별시 중구 필동로1길 30,37.559159,126.998517,false,,,,,,,,false,,,,0,,2026-08-13T00:00:00+09:00,,,,,,,,,,,,,,0,0,,,,
107,이리로,서울특별시 중구 필동로1길 7,37.558663,126.996571,false,,,,,,,,false,,,,0,,2026-08-13T00:00:00+09:00,,,,,,,,,,,,,,0,0,,,,
108,이스트하우스,서울특별시 중구 서애로3길 10,37.559780,126.997374,false,,,,,,,,false,,,,0,,2026-08-13T00:00:00+09:00,,,,,,,,,,,,,,0,0,,,,
109,카페일마지오숙명여대점,서울특별시 용산구 청파로47길 100,37.545467,126.965079,false,,,,,,,,false,,,,0,,2026-08-13T00:00:00+09:00,,,,,,,,,,,,,,0,0,,,,
110,스타벅스 숙명여대정문,서울특별시 용산구 청파로47길 100,37.545467,126.965079,false,,,,,,,,false,,,,0,,2026-08-13T00:00:00+09:00,,,,,,,,,,,,,,0,0,,,,
111,로스터리카페505,서울특별시 용산구 청파로47다길 5-1,37.545431,126.965362,false,,,,,,,,false,,,,0,,2026-08-13T00:00:00+09:00,,,,,,,,,,,,,,0,0,,,,
112,앙꼬,서울특별시 용산구 청파로47다길 6,37.545395,126.965690,false,,,,,,,,false,,,,0,,2026-08-13T00:00:00+09:00,,,,,,,,,,,,,,0,0,,,,
113,에이티익스프레스숙대 입구점,서울특별시 용산구 청파로47길 88,37.545188,126.965645,false,,,,,,,,false,,,,0,,2026-08-13T00:00:00+09:00,,,,,,,,,,,,,,0,0,,,,
114,영우국민대매점주,서울특별시 성북구 정릉로 77,37.610290,126.998528,false,,,,,,,,false,,,,0,,2026-08-13T00:00:00+09:00,,,,,,,,,,,,,,0,0,,,,
115,하파리테일,서울특별시 성북구 정릉로 77,37.610290,126.998528,false,,,,,,,,false,,,,0,,2026-08-13T00:00:00+09:00,,,,,,,,,,,,,,0,0,,,,
116,차담,서울특별시 성북구 정릉로 77,37.610290,126.998528,false,,,,,,,,false,,,,0,,2026-08-13T00:00:00+09:00,,,,,,,,,,,,,,0,0,,,,
117,매머드익스프레스국민대 후문점,서울특별시 성북구 정릉로9길 26,37.609785,126.999445,false,,,,,,,,false,,,,0,,2026-08-13T00:00:00+09:00,,,,,,,,,,,,,,0,0,,,,
118,피플즈플레이스,서울특별시 성북구 정릉로9길 56,37.610939,126.999422,false,,,,,,,,false,,,,0,,2026-08-13T00:00:00+09:00,,,,,,,,,,,,,,0,0,,,,
119,매머드익스프레스숭실대점,서울특별시 동작구 사당로 24,37.495081,126.957029,false,,,,,,,,false,,,,0,,2026-08-13T00:00:00+09:00,,,,,,,,,,,,,,0,0,,,,
120,컴포즈커피숭실대 중문점,서울특별시 동작구 사당로 20,37.495135,126.956712,false,,,,,,,,false,,,,0,,2026-08-13T00:00:00+09:00,,,,,,,,,,,,,,0,0,,,,
121,봄봄,서울특별시 동작구 사당로 18-1,37.495179,126.956441,false,,,,,,,,false,,,,0,,2026-08-13T00:00:00+09:00,,,,,,,,,,,,,,0,0,,,,
122,케이크팝,서울특별시 동작구 사당로 28,37.494937,126.957447,false,,,,,,,,false,,,,0,,2026-08-13T00:00:00+09:00,,,,,,,,,,,,,,0,0,,,,
123,24시간스터디카페공유,서울특별시 동작구 상도로61길 35,37.494945,126.956848,false,,,,,,,,false,,,,0,,2026-08-13T00:00:00+09:00,,,,,,,,,,,,,,0,0,,,,
124,투썸플레이스세종대학교점,서울특별시 광진구 능동로 209,37.551613,127.073185,false,,,,,,,,false,,,,0,,2026-08-13T00:00:00+09:00,,,,,,,,,,,,,,0,0,,,,
125,더비즈랩세종대학교학술정보원점,서울특별시 광진구 능동로 209,37.551613,127.073185,false,,,,,,,,false,,,,0,,2026-08-13T00:00:00+09:00,,,,,,,,,,,,,,0,0,,,,
126,컴포즈커피세종대학교점,서울특별시 광진구 능동로 209,37.551613,127.073185,false,,,,,,,,false,,,,0,,2026-08-13T00:00:00+09:00,,,,,,,,,,,,,,0,0,,,,
127,카페딕셔너리,서울특별시 광진구 능동로 209,37.551613,127.073185,false,,,,,,,,false,,,,0,,2026-08-13T00:00:00+09:00,,,,,,,,,,,,,,0,0,,,,
128,제주몰빵,서울특별시 광진구 능동로 209,37.551613,127.073185,false,,,,,,,,false,,,,0,,2026-08-13T00:00:00+09:00,,,,,,,,,,,,,,0,0,,,,
129,프리웨일 서울시립대점,서울특별시 동대문구 서울시립대로 163,37.582578,127.059992,false,,,,,,,,false,,,,0,,2026-08-13T00:00:00+09:00,,,,,,,,,,,,,,0,0,,,,
130,싸가지,서울특별시 동대문구 망우로18다길 41,37.585506,127.061025,false,,,,,,,,false,,,,0,,2026-08-13T00:00:00+09:00,,,,,,,,,,,,,,0,0,,,,
131,매머드익스프레스시립대 후문점,서울특별시 동대문구 망우로18다길 41,37.585506,127.061025,false,,,,,,,,false,,,,0,,2026-08-13T00:00:00+09:00,,,,,,,,,,,,,,0,0,,,,
132,휘경어울림협동조합,서울특별시 동대문구 망우로18다길 32-2,37.585903,127.060708,false,,,,,,,,false,,,,0,,2026-08-13T00:00:00+09:00,,,,,,,,,,,,,,0,0,,,,
133,어치브먼트,서울특별시 동대문구 망우로18다길 19,37.586461,127.060901,false,,,,,,,,false,,,,0,,2026-08-13T00:00:00+09:00,,,,,,,,,,,,,,0,0,,,,
134,카페그랑블루 광운대점,서울특별시 노원구 광운로 20,37.619313,127.058334,false,,,,,,,,false,,,,0,,2026-08-13T00:00:00+09:00,,,,,,,,,,,,,,0,0,,,,
135,컴포즈커피광운대80주년 기념관점,서울특별시 노원구 광운로 20,37.619322,127.058243,false,,,,,,,,false,,,,0,,2026-08-13T00:00:00+09:00,,,,,,,,,,,,,,0,0,,,,
136,공차 광운대점,서울특별시 노원구 광운로 20,37.619322,127.058243,false,,,,,,,,false,,,,0,,2026-08-13T00:00:00+09:00,,,,,,,,,,,,,,0,0,,,,
137,에프엠25.1,서울특별시 노원구 석계로13길 25-1,37.620176,127.061348,false,,,,,,,,false,,,,0,,2026-08-13T00:00:00+09:00,,,,,,,,,,,,,,0,0,,,,
138,초월스터디카페 광운대점,서울특별시 노원구 석계로13길 23,37.620212,127.061563,false,,,,,,,,false,,,,0,,2026-08-13T00:00:00+09:00,,,,,,,,,,,,,,0,0,,,,
139,블루포트 상명대점,서울특별시 종로구 홍지문2길 20,37.602668,126.955902,false,,,,,,,,false,,,,0,,2026-08-13T00:00:00+09:00,,,,,,,,,,,,,,0,0,,,,
140,카페마이스토리,서울특별시 종로구 홍지문2길 16,37.601659,126.955711,false,,,,,,,,false,,,,0,,2026-08-13T00:00:00+09:00,,,,,,,,,,,,,,0,0,,,,
141,슬리피&웨이키,서울특별시 종로구 홍지문길 88,37.605967,126.957780,false,,,,,,,,false,,,,0,,2026-08-13T00:00:00+09:00,,,,,,,,,,,,,,0,0,,,,
142,플리즈커피 상명대점,서울특별시 종로구 홍지문2길 11,37.601326,126.955564,false,,,,,,,,false,,,,0,,2026-08-13T00:00:00+09:00,,,,,,,,,,,,,,0,0,,,,
143,메가엠지씨커피서울 상명대점,서울특별시 종로구 홍지문2길 11,37.601326,126.955564,false,,,,,,,,false,,,,0,,2026-08-13T00:00:00+09:00,,,,,,,,,,,,,,0,0,,,,
144,스위트,서울특별시 도봉구 삼양로144길 33,37.652473,127.015831,false,,,,,,,,false,,,,0,,2026-08-13T00:00:00+09:00,,,,,,,,,,,,,,0,0,,,,
145,그때거기,서울특별시 도봉구 삼양로146길 22,37.652419,127.013870,false,,,,,,,,false,,,,0,,2026-08-13T00:00:00+09:00,,,,,,,,,,,,,,0,0,,,,
146,반숙상회,서울특별시 도봉구 삼양로144길 25,37.651789,127.014324,false,,,,,,,,false,,,,0,,2026-08-13T00:00:00+09:00,,,,,,,,,,,,,,0,0,,,,
147,프로무케이크,서울특별시 도봉구 삼양로146길 20,37.652401,127.013780,false,,,,,,,,false,,,,0,,2026-08-13T00:00:00+09:00,,,,,,,,,,,,,,0,0,,,,
148,신고서점휴게실,서울특별시 도봉구 삼양로144길 21,37.651753,127.014131,false,,,,,,,,false,,,,0,,2026-08-13T00:00:00+09:00,,,,,,,,,,,,,,0,0,,,,
149,빈스앤타임,서울특별시 성북구 화랑로5길 90,37.606193,127.040578,false,,,,,,,,false,,,,0,,2026-08-13T00:00:00+09:00,,,,,,,,,,,,,,0,0,,,,
150,카페프리헷동덕여대점,서울특별시 성북구 화랑로13길 75,37.606346,127.040725,false,,,,,,,,false,,,,0,,2026-08-13T00:00:00+09:00,,,,,,,,,,,,,,0,0,,,,
151,러피,서울특별시 성북구 화랑로13길 79-2,37.606661,127.040759,false,,,,,,,,false,,,,0,,2026-08-13T00:00:00+09:00,,,,,,,,,,,,,,0,0,,,,
152,꽃이피움,서울특별시 성북구 화랑로13길 60,37.606814,127.041178,false,,,,,,,,false,,,,0,,2026-08-13T00:00:00+09:00,,,,,,,,,,,,,,0,0,,,,
153,텀블리나커피,서울특별시 성북구 화랑로13길 42-6,37.605282,127.042004,false,,,,,,,,false,,,,0,,2026-08-13T00:00:00+09:00,,,,,,,,,,,,,,0,0,,,,
154,잭팟,서울특별시 노원구 화랑로53길 14,37.626596,127.094023,false,,,,,,,,false,,,,0,,2026-08-13T00:00:00+09:00,,,,,,,,,,,,,,0,0,,,,
155,달달한카페,서울특별시 노원구 화랑로55길 7,37.626470,127.094363,false,,,,,,,,false,,,,0,,2026-08-13T00:00:00+09:00,,,,,,,,,,,,,,0,0,,,,
156,비틀주스,서울특별시 노원구 화랑로 621,37.627382,127.091623,false,,,,,,,,false,,,,0,,2026-08-13T00:00:00+09:00,,,,,,,,,,,,,,0,0,,,,
157,공차서울여대점,서울특별시 노원구 화랑로 621,37.627382,127.091623,false,,,,,,,,false,,,,0,,2026-08-13T00:00:00+09:00,,,,,,,,,,,,,,0,0,,,,
158,올가콘라라,서울특별시 성북구 동소문로20길 16,37.591873,127.016463,false,,,,,,,,false,,,,0,,2026-08-13T00:00:00+09:00,,,,,,,,,,,,,,0,0,,,,
159,빽다방성신여대입구역점,서울특별시 성북구 동소문로20나길 3,37.591972,127.016780,false,,,,,,,,false,,,,0,,2026-08-13T00:00:00+09:00,,,,,,,,,,,,,,0,0,,,,
160,하삼동커피성신여대입구역점,서울특별시 성북구 동소문로 98,37.592233,127.016305,false,,,,,,,,false,,,,0,,2026-08-13T00:00:00+09:00,,,,,,,,,,,,,,0,0,,,,
161,프루트랩,서울특별시 성북구 동소문로18길 17-7,37.591638,127.016395,false,,,,,,,,false,,,,0,,2026-08-13T00:00:00+09:00,,,,,,,,,,,,,,0,0,,,,
162,커피앤,서울특별시 성북구 동소문로20나길 6,37.591855,127.016973,false,,,,,,,,false,,,,0,,2026-08-13T00:00:00+09:00,,,,,,,,,,,,,,0,0,,,,
163,스페이스제이피,서울특별시 서대문구 거북골로 34,37.580378,126.921352,false,,,,,,,,false,,,,0,,2026-08-13T00:00:00+09:00,,,,,,,,,,,,,,0,0,,,,
164,리에또카페,서울특별시 서대문구 거북골로 34,37.580378,126.921352,false,,,,,,,,false,,,,0,,2026-08-13T00:00:00+09:00,,,,,,,,,,,,,,0,0,,,,
165,스타벅스 대,서울특별시 서대문구 거북골로 34,37.580378,126.921352,false,,,,,,,,false,,,,0,,2026-08-13T00:00:00+09:00,,,,,,,,,,,,,,0,0,,,,
166,쏘굿랭스터디카페 명지대점,서울특별시 서대문구 거북골로 37,37.579280,126.923787,false,,,,,,,,false,,,,0,,2026-08-13T00:00:00+09:00,,,,,,,,,,,,,,0,0,,,,
167,랭스터디카페 명지대점,서울특별시 서대문구 거북골로 37,37.579289,126.923799,false,,,,,,,,false,,,,0,,2026-08-13T00:00:00+09:00,,,,,,,,,,,,,,0,0,,,,
168,오뜨,서울특별시 성북구 삼선교로16길 116,37.583233,127.010393,false,,,,,,,,false,,,,0,,2026-08-13T00:00:00+09:00,,,,,,,,,,,,,,0,0,,,,
169,그라찌에한성대학교점,서울특별시 성북구 삼선교로16길 116,37.583233,127.010393,false,,,,,,,,false,,,,0,,2026-08-13T00:00:00+09:00,,,,,,,,,,,,,,0,0,,,,
170,오뜨,서울특별시 성북구 삼선교로16길 116,37.583233,127.010393,false,,,,,,,,false,,,,0,,2026-08-13T00:00:00+09:00,,,,,,,,,,,,,,0,0,,,,
171,카페더함186,서울특별시 성북구 삼선교로4길 186,37.580548,127.010121,false,,,,,,,,false,,,,0,,2026-08-13T00:00:00+09:00,,,,,,,,,,,,,,0,0,,,,
172,프리스타일,서울특별시 성북구 삼선교로10길 77-1,37.584701,127.010156,false,,,,,,,,false,,,,0,,2026-08-13T00:00:00+09:00,,,,,,,,,,,,,,0,0,,,,
173,스타벅스 아주대,경기도 수원시 팔달구 월드컵로 205,37.279646,127.043390,false,,,,,,,,false,,,,0,,2026-08-13T00:00:00+09:00,,,,,,,,,,,,,,0,0,,,,
174,팝스스터디카페,경기도 수원시 팔달구 월드컵로 205,37.279646,127.043390,false,,,,,,,,false,,,,0,,2026-08-13T00:00:00+09:00,,,,,,,,,,,,,,0,0,,,,
175,렛츠스터디카페,경기도 수원시 팔달구 아주로 51,37.279565,127.043514,false,,,,,,,,false,,,,0,,2026-08-13T00:00:00+09:00,,,,,,,,,,,,,,0,0,,,,
176,텐퍼센트커피수원 아주대점,경기도 수원시 팔달구 아주로 51,37.279565,127.043514,false,,,,,,,,false,,,,0,,2026-08-13T00:00:00+09:00,,,,,,,,,,,,,,0,0,,,,
177,컴포즈커피수원 아주대점,경기도 수원시 팔달구 아주로 49,37.279249,127.043502,false,,,,,,,,false,,,,0,,2026-08-13T00:00:00+09:00,,,,,,,,,,,,,,0,0,,,,
178,카페아이엔지경기대제1복지관점,경기도 수원시 영통구 광교산로 154-42,37.300254,127.040063,false,,,,,,,,false,,,,0,,2026-08-13T00:00:00+09:00,,,,,,,,,,,,,,0,0,,,,
179,블루포트경기대집현관점,경기도 수원시 영통구 광교산로 154-42,37.300254,127.040063,false,,,,,,,,false,,,,0,,2026-08-13T00:00:00+09:00,,,,,,,,,,,,,,0,0,,,,
180,드림어스,경기도 수원시 영통구 광교산로 154-42,37.300254,127.040063,false,,,,,,,,false,,,,0,,2026-08-13T00:00:00+09:00,,,,,,,,,,,,,,0,0,,,,
181,카페아이엔지경기대성 신관점,경기도 수원시 영통구 광교산로 154-42,37.300254,127.040063,false,,,,,,,,false,,,,0,,2026-08-13T00:00:00+09:00,,,,,,,,,,,,,,0,0,,,,
182,씨앤코컴퍼니경기대성카페아이엔지 신관점,경기도 수원시 영통구 광교산로 154-42,37.300254,127.040063,false,,,,,,,,false,,,,0,,2026-08-13T00:00:00+09:00,,,,,,,,,,,,,,0,0,,,,
183,팬도로시수원 성균관대점,경기도 수원시 장안구 서부로 2066,37.293987,126.975673,false,,,,,,,,false,,,,0,,2026-08-13T00:00:00+09:00,,,,,,,,,,,,,,0,0,,,,
184,커피빈성균관대자연과학캠퍼스 코리아,경기도 수원시 장안구 서부로 2066,37.295978,126.974206,false,,,,,,,,false,,,,0,,2026-08-13T00:00:00+09:00,,,,,,,,,,,,,,0,0,,,,
185,영우수원성대의관커피점,경기도 수원시 장안구 서부로 2066,37.295978,126.974206,false,,,,,,,,false,,,,0,,2026-08-13T00:00:00+09:00,,,,,,,,,,,,,,0,0,,,,
186,블루포트 성균관대점,경기도 수원시 장안구 서부로 2066,37.295978,126.974206,false,,,,,,,,false,,,,0,,2026-08-13T00:00:00+09:00,,,,,,,,,,,,,,0,0,,,,
187,씨앤코컴퍼니블루포트 성균관대점,경기도 수원시 장안구 서부로 2066,37.295978,126.974206,false,,,,,,,,false,,,,0,,2026-08-13T00:00:00+09:00,,,,,,,,,,,,,,0,0,,,,
188,일삼일구,경기도 용인시 수지구 죽전로144번길 15-14,37.322783,127.125212,false,,,,,,,,false,,,,0,,2026-08-13T00:00:00+09:00,,,,,,,,,,,,,,0,0,,,,
189,크리에이티브커피,경기도 용인시 수지구 죽전로144번길 15-9,37.322937,127.124907,false,,,,,,,,false,,,,0,,2026-08-13T00:00:00+09:00,,,,,,,,,,,,,,0,0,,,,
190,카페168,경기도 용인시 수지구 죽전로168번길 35,37.324223,127.126748,false,,,,,,,,false,,,,0,,2026-08-13T00:00:00+09:00,,,,,,,,,,,,,,0,0,,,,
191,보통카페,경기도 용인시 수지구 죽전로168번길 27,37.324179,127.125834,false,,,,,,,,false,,,,0,,2026-08-13T00:00:00+09:00,,,,,,,,,,,,,,0,0,,,,
192,베이크슈,경기도 용인시 수지구 죽전로168번길 25,37.324161,127.125643,false,,,,,,,,false,,,,0,,2026-08-13T00:00:00+09:00,,,,,,,,,,,,,,0,0,,,,
193,카페페이버,경기도 용인시 기흥구 서그내로15번길 33-2,37.246704,127.077161,false,,,,,,,,false,,,,0,,2026-08-13T00:00:00+09:00,,,,,,,,,,,,,,0,0,,,,
194,이디야용인서천점,경기도 용인시 기흥구 서그내로 31,37.245111,127.075232,false,,,,,,,,false,,,,0,,2026-08-13T00:00:00+09:00,,,,,,,,,,,,,,0,0,,,,
195,풀인원,경기도 용인시 기흥구 서그내로15번길 29,37.246561,127.076451,false,,,,,,,,false,,,,0,,2026-08-13T00:00:00+09:00,,,,,,,,,,,,,,0,0,,,,
196,크로플덕오리아가씨경희대국제캠퍼스점,경기도 용인시 기흥구 서그내로15번길 29,37.246561,127.076451,false,,,,,,,,false,,,,0,,2026-08-13T00:00:00+09:00,,,,,,,,,,,,,,0,0,,,,
197,컴포즈커피경희대국제캠퍼스기숙사점,경기도 용인시 기흥구 덕영대로 1732,37.239809,127.081178,false,,,,,,,,false,,,,0,,2026-08-13T00:00:00+09:00,,,,,,,,,,,,,,0,0,,,,
198,여우다방,경기도 오산시 오산로190번길 24,37.143862,127.071181,false,,,,,,,,false,,,,0,,2026-08-13T00:00:00+09:00,,,,,,,,,,,,,,0,0,,,,
199,달달스콘카페,경기도 오산시 오산로198번길 27,37.145169,127.071408,false,,,,,,,,false,,,,0,,2026-08-13T00:00:00+09:00,,,,,,,,,,,,,,0,0,,,,
200,읍천리382오산 1호점,경기도 오산시 경기대로 209,37.143419,127.073094,false,,,,,,,,false,,,,0,,2026-08-13T00:00:00+09:00,,,,,,,,,,,,,,0,0,,,,
201,카페인중독오산역점,경기도 오산시 오산로198번길 19-2,37.144637,127.070653,false,,,,,,,,false,,,,0,,2026-08-13T00:00:00+09:00,,,,,,,,,,,,,,0,0,,,,
202,스타벅스 오산원동DT,경기도 오산시 경기대로 218,37.144185,127.073872,false,,,,,,,,false,,,,0,,2026-08-13T00:00:00+09:00,,,,,,,,,,,,,,0,0,,,,
203,커피이든,경기도 용인시 처인구 금학로235번길 14,37.239341,127.190473,false,,,,,,,,false,,,,0,,2026-08-13T00:00:00+09:00,,,,,,,,,,,,,,0,0,,,,
204,트롤롤로,경기도 용인시 처인구 금학로241번길 17,37.239665,127.190811,false,,,,,,,,false,,,,0,,2026-08-13T00:00:00+09:00,,,,,,,,,,,,,,0,0,,,,
205,아띠,경기도 용인시 처인구 중부대로1281번길 10-1,37.237606,127.187730,false,,,,,,,,false,,,,0,,2026-08-13T00:00:00+09:00,,,,,,,,,,,,,,0,0,,,,
206,카페도시락,경기도 용인시 처인구 성산로 10,37.237744,127.186073,false,,,,,,,,false,,,,0,,2026-08-13T00:00:00+09:00,,,,,,,,,,,,,,0,0,,,,
207,유베이크샵,경기도 용인시 처인구 용문로 30-5,37.237667,127.189229,false,,,,,,,,false,,,,0,,2026-08-13T00:00:00+09:00,,,,,,,,,,,,,,0,0,,,,
208,모퉁,경기도 성남시 수정구 성남대로1380번길 7,37.453177,127.127655,false,,,,,,,,false,,,,0,,2026-08-13T00:00:00+09:00,,,,,,,,,,,,,,0,0,,,,
209,리플커피,경기도 성남시 수정구 성남대로 1342,37.451237,127.129392,false,,,,,,,,false,,,,0,,2026-08-13T00:00:00+09:00,,,,,,,,,,,,,,0,0,,,,
210,파스쿠찌 가천대점,경기도 성남시 수정구 성남대로 1342,37.451237,127.129392,false,,,,,,,,false,,,,0,,2026-08-13T00:00:00+09:00,,,,,,,,,,,,,,0,0,,,,
211,투썸플레이스 가천대점,경기도 성남시 수정구 성남대로 1342,37.451237,127.129392,false,,,,,,,,false,,,,0,,2026-08-13T00:00:00+09:00,,,,,,,,,,,,,,0,0,,,,
212,일이공구 가천대점,경기도 성남시 수정구 성남대로 1342,37.451237,127.129392,false,,,,,,,,false,,,,0,,2026-08-13T00:00:00+09:00,,,,,,,,,,,,,,0,0,,,,
213,스타벅스 한양대에리카,경기도 안산시 상록구 한양대학로 55,37.297982,126.834463,false,,,,,,,,false,,,,0,,2026-08-13T00:00:00+09:00,,,,,,,,,,,,,,0,0,,,,
214,씨앤코컴퍼니한양대안산캠퍼스학생복지관2층점,경기도 안산시 상록구 한양대학로 55,37.298009,126.834396,false,,,,,,,,false,,,,0,,2026-08-13T00:00:00+09:00,,,,,,,,,,,,,,0,0,,,,
215,그라찌에 한양대점,경기도 안산시 상록구 한양대학로 55,37.298009,126.834396,false,,,,,,,,false,,,,0,,2026-08-13T00:00:00+09:00,,,,,,,,,,,,,,0,0,,,,
216,바르바커피엔드플라워,경기도 안산시 상록구 한양대학로 55,37.298009,126.834396,false,,,,,,,,false,,,,0,,2026-08-13T00:00:00+09:00,,,,,,,,,,,,,,0,0,,,,
217,삐노누아,경기도 안산시 상록구 학사6길 4,37.298944,126.839018,false,,,,,,,,false,,,,0,,2026-08-13T00:00:00+09:00,,,,,,,,,,,,,,0,0,,,,
218,카페리틀팜,경기도 의정부시 청사로5번길 16,37.748885,127.070111,false,,,,,,,,false,,,,0,,2026-08-13T00:00:00+09:00,,,,,,,,,,,,,,0,0,,,,
219,카페파르몽,경기도 의정부시 장곡로 626,37.750451,127.072292,false,,,,,,,,false,,,,0,,2026-08-13T00:00:00+09:00,,,,,,,,,,,,,,0,0,,,,
220,공간대여,경기도 의정부시 장곡로 626,37.750451,127.072292,false,,,,,,,,false,,,,0,,2026-08-13T00:00:00+09:00,,,,,,,,,,,,,,0,0,,,,
221,르하임스터디카페의정부북부 청사점,경기도 의정부시 장곡로 626,37.750451,127.072292,false,,,,,,,,false,,,,0,,2026-08-13T00:00:00+09:00,,,,,,,,,,,,,,0,0,,,,
222,매머드익스프레스경기도청북부청사역점,경기도 의정부시 장곡로 626,37.750451,127.072292,false,,,,,,,,false,,,,0,,2026-08-13T00:00:00+09:00,,,,,,,,,,,,,,0,0,,,,
223,블루포트대용인캠퍼스점 명지,경기도 용인시 처인구 명지로 116,37.221807,127.190181,false,,,,,,,,false,,,,0,,2026-08-13T00:00:00+09:00,,,,,,,,,,,,,,0,0,,,,
224,카페 명지,경기도 용인시 처인구 명지로 116,37.221807,127.190181,false,,,,,,,,false,,,,0,,2026-08-13T00:00:00+09:00,,,,,,,,,,,,,,0,0,,,,
225,아이앤지,경기도 용인시 처인구 명지로 116,37.221807,127.190181,false,,,,,,,,false,,,,0,,2026-08-13T00:00:00+09:00,,,,,,,,,,,,,,0,0,,,,
226,버스킹아지트,경기도 포천시 왕방로 261,37.903335,127.202632,false,,,,,,,,false,,,,0,,2026-08-13T00:00:00+09:00,,,,,,,,,,,,,,0,0,,,,
227,데이카페,경기도 포천시 신북면 왕방로 284,37.904665,127.204637,false,,,,,,,,false,,,,0,,2026-08-13T00:00:00+09:00,,,,,,,,,,,,,,0,0,,,,
228,커피시작,경기도 포천시 신북면 왕방로 309,37.906482,127.206666,false,,,,,,,,false,,,,0,,2026-08-13T00:00:00+09:00,,,,,,,,,,,,,,0,0,,,,
229,카페보스포천 중앙점,경기도 포천시 원앙로 73,37.902520,127.205029,false,,,,,,,,false,,,,0,,2026-08-13T00:00:00+09:00,,,,,,,,,,,,,,0,0,,,,
230,발칸카페,경기도 안양시 만안구 성결대학로 35-3,37.382072,126.930311,false,,,,,,,,false,,,,0,,2026-08-13T00:00:00+09:00,,,,,,,,,,,,,,0,0,,,,
231,카페솜붕아성결대점,경기도 안양시 만안구 성결대학로 47,37.381602,126.929351,false,,,,,,,,false,,,,0,,2026-08-13T00:00:00+09:00,,,,,,,,,,,,,,0,0,,,,
232,메가엠지씨커피안양성결대점,경기도 안양시 만안구 냉천로 2,37.382179,126.929915,false,,,,,,,,false,,,,0,,2026-08-13T00:00:00+09:00,,,,,,,,,,,,,,0,0,,,,
233,롱,경기도 안양시 만안구 성결대학로 36,37.382360,126.930299,false,,,,,,,,false,,,,0,,2026-08-13T00:00:00+09:00,,,,,,,,,,,,,,0,0,,,,
234,포즈커피,경기도 안양시 만안구 성결대학로 53,37.379872,126.928811,false,,,,,,,,false,,,,0,,2026-08-13T00:00:00+09:00,,,,,,,,,,,,,,0,0,,,,
235,우리다방,경기도 안양시 만안구 안양로 213,37.392260,126.926563,false,,,,,,,,false,,,,0,,2026-08-13T00:00:00+09:00,,,,,,,,,,,,,,0,0,,,,
236,준스타커피,경기도 안양시 만안구 현충로 26,37.392234,126.928167,false,,,,,,,,false,,,,0,,2026-08-13T00:00:00+09:00,,,,,,,,,,,,,,0,0,,,,
237,슈어커피,경기도 안양시 만안구 현충로 43,37.390935,126.926497,false,,,,,,,,false,,,,0,,2026-08-13T00:00:00+09:00,,,,,,,,,,,,,,0,0,,,,
238,킹스팜,경기도 안양시 만안구 안양로223번길 5,37.392917,126.925693,false,,,,,,,,false,,,,0,,2026-08-13T00:00:00+09:00,,,,,,,,,,,,,,0,0,,,,
239,퐁치커피익스프레스,경기도 안양시 만안구 안양로 226,37.393512,126.926223,false,,,,,,,,false,,,,0,,2026-08-13T00:00:00+09:00,,,,,,,,,,,,,,0,0,,,,
240,코그노센티,인천광역시 미추홀구 경인남길 26,37.452543,126.654628,false,,,,,,,,false,,,,0,,2026-08-13T00:00:00+09:00,,,,,,,,,,,,,,0,0,,,,
241,열공스터디카페,인천광역시 미추홀구 인하로 81,37.451226,126.657336,false,,,,,,,,false,,,,0,,2026-08-13T00:00:00+09:00,,,,,,,,,,,,,,0,0,,,,
242,인하메이트스터디카페,인천광역시 미추홀구 인하로 85,37.451074,126.657709,false,,,,,,,,false,,,,0,,2026-08-13T00:00:00+09:00,,,,,,,,,,,,,,0,0,,,,
243,젊은공간,인천광역시 미추홀구 인하로77번길 18-1,37.451866,126.657513,false,,,,,,,,false,,,,0,,2026-08-13T00:00:00+09:00,,,,,,,,,,,,,,0,0,,,,
244,와이제이레지던스,인천광역시 미추홀구 매소홀로271번길 33,37.446071,126.653969,false,,,,,,,,false,,,,0,,2026-08-13T00:00:00+09:00,,,,,,,,,,,,,,0,0,,,,
245,투두스터디카페,인천광역시 미추홀구 인하로91번길 9,37.451274,126.658454,false,,,,,,,,false,,,,0,,2026-08-13T00:00:00+09:00,,,,,,,,,,,,,,0,0,,,,
246,봄봄스터디카페인하대센터,인천광역시 미추홀구 용정공원로83번길 59,37.447508,126.649363,false,,,,,,,,false,,,,0,,2026-08-13T00:00:00+09:00,,,,,,,,,,,,,,0,0,,,,
247,컴포즈커피인하헤리움점,인천광역시 미추홀구 용정공원로83번길 49,37.447569,126.648594,false,,,,,,,,false,,,,0,,2026-08-13T00:00:00+09:00,,,,,,,,,,,,,,0,0,,,,
248,예손고시텔,인천광역시 미추홀구 경인남길30번길 100-9,37.450792,126.659880,false,,,,,,,,false,,,,0,,2026-08-13T00:00:00+09:00,,,,,,,,,,,,,,0,0,,,,
249,디아울,인천광역시 미추홀구 독배로317번길 15,37.448064,126.648320,false,,,,,,,,false,,,,0,,2026-08-13T00:00:00+09:00,,,,,,,,,,,,,,0,0,,,,
250,그린페이스,인천광역시 미추홀구 인하로47번길 81,37.453184,126.658163,false,,,,,,,,false,,,,0,,2026-08-13T00:00:00+09:00,,,,,,,,,,,,,,0,0,,,,
251,빈페이지,인천광역시 미추홀구 소성로 75,37.445695,126.657813,false,,,,,,,,false,,,,0,,2026-08-13T00:00:00+09:00,,,,,,,,,,,,,,0,0,,,,
252,오뉴,인천광역시 미추홀구 인하로47번길 85,37.453337,126.658400,false,,,,,,,,false,,,,0,,2026-08-13T00:00:00+09:00,,,,,,,,,,,,,,0,0,,,,
253,컴포즈커피인하대,인천광역시 미추홀구 인하로105번길 16,37.450991,126.660332,false,,,,,,,,false,,,,0,,2026-08-13T00:00:00+09:00,,,,,,,,,,,,,,0,0,,,,
254,카페나라,인천광역시 미추홀구 소성로 76,37.445343,126.657622,false,,,,,,,,false,,,,0,,2026-08-13T00:00:00+09:00,,,,,,,,,,,,,,0,0,,,,
255,빙하빙수,인천광역시 미추홀구 독배로382번길 18,37.453519,126.649493,false,,,,,,,,false,,,,0,,2026-08-13T00:00:00+09:00,,,,,,,,,,,,,,0,0,,,,
256,메가엠지씨커피인천용현SK점,인천광역시 미추홀구 독배로317번길 23-1,37.447927,126.647654,false,,,,,,,,false,,,,0,,2026-08-13T00:00:00+09:00,,,,,,,,,,,,,,0,0,,,,
257,카페개러지,인천광역시 미추홀구 매소홀로 272,37.444375,126.652994,false,,,,,,,,false,,,,0,,2026-08-13T00:00:00+09:00,,,,,,,,,,,,,,0,0,,,,
258,이디야인하공전점,인천광역시 미추홀구 소성로 81,37.445490,126.658435,false,,,,,,,,false,,,,0,,2026-08-13T00:00:00+09:00,,,,,,,,,,,,,,0,0,,,,
259,해밀,인천광역시 미추홀구 인하로120번길 20,37.449074,126.660860,false,,,,,,,,false,,,,0,,2026-08-13T00:00:00+09:00,,,,,,,,,,,,,,0,0,,,,
260,앞뜰,인천광역시 미추홀구 인하로105번길 28,37.451551,126.660532,false,,,,,,,,false,,,,0,,2026-08-13T00:00:00+09:00,,,,,,,,,,,,,,0,0,,,,
261,공본스터디카페센터,인천광역시 미추홀구 매소홀로 262,37.444229,126.652395,false,,,,,,,,false,,,,0,,2026-08-13T00:00:00+09:00,,,,,,,,,,,,,,0,0,,,,
262,케이스카페,인천광역시 미추홀구 인하로120번길 21,37.448912,126.661042,false,,,,,,,,false,,,,0,,2026-08-13T00:00:00+09:00,,,,,,,,,,,,,,0,0,,,,
263,피에스타7,인천광역시 미추홀구 독배로317번길 25,37.447827,126.647225,false,,,,,,,,false,,,,0,,2026-08-13T00:00:00+09:00,,,,,,,,,,,,,,0,0,,,,
264,카페더스토리,인천광역시 미추홀구 경인북길 191,37.454140,126.658565,false,,,,,,,,false,,,,0,,2026-08-13T00:00:00+09:00,,,,,,,,,,,,,,0,0,,,,
265,엘림,인천광역시 미추홀구 인하로120번길 19-1,37.448994,126.661211,false,,,,,,,,false,,,,0,,2026-08-13T00:00:00+09:00,,,,,,,,,,,,,,0,0,,,,
266,엘루새,인천광역시 미추홀구 인하로91번길 55,37.451381,126.660985,false,,,,,,,,false,,,,0,,2026-08-13T00:00:00+09:00,,,,,,,,,,,,,,0,0,,,,
267,주란다방,인천광역시 미추홀구 독배로 382,37.453814,126.648779,false,,,,,,,,false,,,,0,,2026-08-13T00:00:00+09:00,,,,,,,,,,,,,,0,0,,,,
268,이화,인천광역시 미추홀구 인하로119번길 5,37.450255,126.661341,false,,,,,,,,false,,,,0,,2026-08-13T00:00:00+09:00,,,,,,,,,,,,,,0,0,,,,
269,아오미,인천광역시 미추홀구 용정공원로83번길 43,37.447628,126.647091,false,,,,,,,,false,,,,0,,2026-08-13T00:00:00+09:00,,,,,,,,,,,,,,0,0,,,,
270,단지,인천광역시 미추홀구 인하로105번길 47,37.452479,126.660675,false,,,,,,,,false,,,,0,,2026-08-13T00:00:00+09:00,,,,,,,,,,,,,,0,0,,,,
271,무니,인천광역시 미추홀구 용정공원로 33,37.451131,126.646554,false,,,,,,,,false,,,,0,,2026-08-13T00:00:00+09:00,,,,,,,,,,,,,,0,0,,,,
272,독서실/스터디카페,인천광역시 미추홀구 인하로119번길 17-2,37.450806,126.661564,false,,,,,,,,false,,,,0,,2026-08-13T00:00:00+09:00,,,,,,,,,,,,,,0,0,,,,
273,대한민국특수임무유공자회,인천광역시 미추홀구 인주대로 138,37.455744,126.652444,false,,,,,,,,false,,,,0,,2026-08-13T00:00:00+09:00,,,,,,,,,,,,,,0,0,,,,
274,24시무인셀프카페,인천광역시 미추홀구 인하로119번길 21,37.450977,126.661676,false,,,,,,,,false,,,,0,,2026-08-13T00:00:00+09:00,,,,,,,,,,,,,,0,0,,,,
275,원하우스,인천광역시 미추홀구 경인남길118번길 30-1,37.452939,126.660707,false,,,,,,,,false,,,,0,,2026-08-13T00:00:00+09:00,,,,,,,,,,,,,,0,0,,,,
276,후키,인천광역시 미추홀구 한나루로489번길 116,37.452570,126.661003,false,,,,,,,,false,,,,0,,2026-08-13T00:00:00+09:00,,,,,,,,,,,,,,0,0,,,,
277,메가엠지씨커피인천용현,인천광역시 미추홀구 독배로 383,37.454219,126.648529,false,,,,,,,,false,,,,0,,2026-08-13T00:00:00+09:00,,,,,,,,,,,,,,0,0,,,,
278,민스커피,인천광역시 미추홀구 인주대로224번길 28,37.452894,126.660877,false,,,,,,,,false,,,,0,,2026-08-13T00:00:00+09:00,,,,,,,,,,,,,,0,0,,,,
279,투고,인천광역시 미추홀구 인주대로132번길 12,37.455832,126.651709,false,,,,,,,,false,,,,0,,2026-08-13T00:00:00+09:00,,,,,,,,,,,,,,0,0,,,,
280,파피바스켓,인천광역시 미추홀구 인주대로 148,37.456080,126.653233,false,,,,,,,,false,,,,0,,2026-08-13T00:00:00+09:00,,,,,,,,,,,,,,0,0,,,,
281,메가엠지씨커피인천인주대로점,인천광역시 미추홀구 인주대로 175,37.455891,126.656659,false,,,,,,,,false,,,,0,,2026-08-13T00:00:00+09:00,,,,,,,,,,,,,,0,0,,,,
282,투썸플레이스인천용마루점,인천광역시 미추홀구 독배로 395,37.455130,126.649090,false,,,,,,,,false,,,,0,,2026-08-13T00:00:00+09:00,,,,,,,,,,,,,,0,0,,,,
283,오디디오,인천광역시 미추홀구 용정공원로 33,37.448282,126.645743,false,,,,,,,,false,,,,0,,2026-08-13T00:00:00+09:00,,,,,,,,,,,,,,0,0,,,,
284,투썸플레이스인천독정이,인천광역시 미추홀구 독정이로 3,37.456382,126.654939,false,,,,,,,,false,,,,0,,2026-08-13T00:00:00+09:00,,,,,,,,,,,,,,0,0,,,,
285,가버나움,인천광역시 미추홀구 인하로134번길 10,37.449051,126.662465,false,,,,,,,,false,,,,0,,2026-08-13T00:00:00+09:00,,,,,,,,,,,,,,0,0,,,,
286,은빛빌,인천광역시 미추홀구 인하로47번길 127,37.453795,126.660827,false,,,,,,,,false,,,,0,,2026-08-13T00:00:00+09:00,,,,,,,,,,,,,,0,0,,,,
287,굴뚝빵커피공장,인천광역시 미추홀구 인하로 129-2,37.449800,126.662676,false,,,,,,,,false,,,,0,,2026-08-13T00:00:00+09:00,,,,,,,,,,,,,,0,0,,,,
288,이디야커피인천보훈,인천광역시 미추홀구 인주대로 147,37.456621,126.653581,false,,,,,,,,false,,,,0,,2026-08-13T00:00:00+09:00,,,,,,,,,,,,,,0,0,,,,
289,아덴블랑제리인천,인천광역시 미추홀구 노적산로 1,37.443385,126.650354,false,,,,,,,,false,,,,0,,2026-08-13T00:00:00+09:00,,,,,,,,,,,,,,0,0,,,,
290,깡순이케이크,인천광역시 미추홀구 인하로134번길 9,37.448980,126.662725,false,,,,,,,,false,,,,0,,2026-08-13T00:00:00+09:00,,,,,,,,,,,,,,0,0,,,,
291,데이지365,인천광역시 미추홀구 인하로134번길 7,37.449151,126.662792,false,,,,,,,,false,,,,0,,2026-08-13T00:00:00+09:00,,,,,,,,,,,,,,0,0,,,,
292,포지티브커피클럽,인천광역시 미추홀구 인주대로 207,37.454856,126.659975,false,,,,,,,,false,,,,0,,2026-08-13T00:00:00+09:00,,,,,,,,,,,,,,0,0,,,,
293,시에스타커피하우스,인천광역시 미추홀구 인하로133번길 29-22,37.451061,126.662705,false,,,,,,,,false,,,,0,,2026-08-13T00:00:00+09:00,,,,,,,,,,,,,,0,0,,,,
294,카페텀벙,인천광역시 미추홀구 독배로403번길 5,37.455689,126.649291,false,,,,,,,,false,,,,0,,2026-08-13T00:00:00+09:00,,,,,,,,,,,,,,0,0,,,,
295,보라카페,인천광역시 미추홀구 독정이로 8-3,37.456770,126.655163,false,,,,,,,,false,,,,0,,2026-08-13T00:00:00+09:00,,,,,,,,,,,,,,0,0,,,,
296,아매리,인천광역시 미추홀구 인주대로238번길 30-6,37.452403,126.662348,false,,,,,,,,false,,,,0,,2026-08-13T00:00:00+09:00,,,,,,,,,,,,,,0,0,,,,
297,고커피,인천광역시 미추홀구 인주대로 125-1,37.456650,126.650981,false,,,,,,,,false,,,,0,,2026-08-13T00:00:00+09:00,,,,,,,,,,,,,,0,0,,,,
298,카페오디디오,인천광역시 미추홀구 용정공원로 33,37.452019,126.645058,false,,,,,,,,false,,,,0,,2026-08-13T00:00:00+09:00,,,,,,,,,,,,,,0,0,,,,
299,필하우스,인천광역시 미추홀구 인하로47번길 164,37.453043,126.662583,false,,,,,,,,false,,,,0,,2026-08-13T00:00:00+09:00,,,,,,,,,,,,,,0,0,,,,
300,컴포즈커피인천용현,인천광역시 미추홀구 독정이로 13-1,37.457282,126.654482,false,,,,,,,,false,,,,0,,2026-08-13T00:00:00+09:00,,,,,,,,,,,,,,0,0,,,,
301,달롱도르요거트아이스크림,인천광역시 미추홀구 인하로133번길 30,37.450775,126.663474,false,,,,,,,,false,,,,0,,2026-08-13T00:00:00+09:00,,,,,,,,,,,,,,0,0,,,,
302,플러스82미추홀점,인천광역시 미추홀구 한나루로477번길 66-5,37.450109,126.663568,false,,,,,,,,false,,,,0,,2026-08-13T00:00:00+09:00,,,,,,,,,,,,,,0,0,,,,
303,별하우스,인천광역시 미추홀구 한나루로463번길 74,37.448884,126.663664,false,,,,,,,,false,,,,0,,2026-08-13T00:00:00+09:00,,,,,,,,,,,,,,0,0,,,,
304,한결,인천광역시 미추홀구 인하로91번길 113,37.450569,126.663984,false,,,,,,,,false,,,,0,,2026-08-13T00:00:00+09:00,,,,,,,,,,,,,,0,0,,,,
305,빽다방인하대역SK점,인천광역시 미추홀구 용정공원로 33,37.447808,126.644118,false,,,,,,,,false,,,,0,,2026-08-13T00:00:00+09:00,,,,,,,,,,,,,,0,0,,,,
306,카페까망,인천광역시 미추홀구 인주대로137번길 24,37.457735,126.652536,false,,,,,,,,false,,,,0,,2026-08-13T00:00:00+09:00,,,,,,,,,,,,,,0,0,,,,
307,마실까페,인천광역시 미추홀구 용삼길 13,37.457567,126.650367,false,,,,,,,,false,,,,0,,2026-08-13T00:00:00+09:00,,,,,,,,,,,,,,0,0,,,,
308,달콩이커피공장,인천광역시 미추홀구 인주대로252번길 21,37.452156,126.664169,false,,,,,,,,false,,,,0,,2026-08-13T00:00:00+09:00,,,,,,,,,,,,,,0,0,,,,
309,카페오슬로,인천광역시 미추홀구 독배로403번길 36,37.456577,126.647817,false,,,,,,,,false,,,,0,,2026-08-13T00:00:00+09:00,,,,,,,,,,,,,,0,0,,,,
310,다맛차,인천광역시 미추홀구 한나루로489번길 52,37.451454,126.664409,false,,,,,,,,false,,,,0,,2026-08-13T00:00:00+09:00,,,,,,,,,,,,,,0,0,,,,
311,빽다방인천용현시장북문점,인천광역시 미추홀구 독정이로 24-1,37.458155,126.654241,false,,,,,,,,false,,,,0,,2026-08-13T00:00:00+09:00,,,,,,,,,,,,,,0,0,,,,
312,우리동네빵집,인천광역시 미추홀구 인주대로94번길 10,37.456720,126.647376,false,,,,,,,,false,,,,0,,2026-08-13T00:00:00+09:00,,,,,,,,,,,,,,0,0,,,,
313,진펠리스,인천광역시 미추홀구 한나루로501번길 45,37.452329,126.664801,false,,,,,,,,false,,,,0,,2026-08-13T00:00:00+09:00,,,,,,,,,,,,,,0,0,,,,
314,나우커피,인천광역시 미추홀구 수봉남로17번길 24,37.458538,126.656025,false,,,,,,,,false,,,,0,,2026-08-13T00:00:00+09:00,,,,,,,,,,,,,,0,0,,,,
